{
  "frontend/playwright.config.ts": 1775669563.065098,
  "frontend/vite.config.ts": 1775181197.767257,
  "frontend/tests/e2e/fixtures.ts": 1775674022.7951236,
  "frontend/tests/e2e/test_invoice_workflow.spec.ts": 1775676383.2580497,
  "frontend/tests/e2e/test_roles.spec.ts": 1775281574.8575177,
  "frontend/tests/e2e/test_core_pages_rendering.spec.ts": 1775581975.3754017,
  "frontend/tests/e2e/test_billing_workflow.spec.ts": 1775498205.2997098,
  "frontend/tests/e2e/test_balance_recharge.spec.ts": 1775281512.3423893,
  "frontend/tests/e2e/test_analytics.spec.ts": 1775550629.1687353,
  "frontend/tests/e2e/test_customer_crud.spec.ts": 1775281516.3275614,
  "frontend/tests/e2e/test_customer_management.spec.ts": 1775676384.2383041,
  "frontend/tests/e2e/test_users.spec.ts": 1775281571.5219014,
  "frontend/tests/e2e/test_tags.spec.ts": 1775281567.493832,
  "frontend/tests/e2e/test_login_flow.spec.ts": 1775674076.1345549,
  "frontend/src/main.ts": 1775552073.1241357,
  "frontend/src/types/index.ts": 1775357548.6492698,
  "frontend/src/stores/index.ts": 1775357548.6504774,
  "frontend/src/stores/user.ts": 1775400848.3810823,
  "frontend/src/utils/formatters.ts": 1775548535.8195548,
  "frontend/src/api/usage.ts": 1775494694.9093313,
  "frontend/src/api/customers.ts": 1775494718.7508936,
  "frontend/src/api/analytics.ts": 1775546581.755656,
  "frontend/src/api/roles.ts": 1775444883.7658126,
  "frontend/src/api/users.ts": 1775494584.8900483,
  "frontend/src/api/index.ts": 1775585680.1875782,
  "frontend/src/api/billing.ts": 1775446792.8083272,
  "frontend/src/api/audit.ts": 1775402936.1480157,
  "frontend/src/api/tags.ts": 1775439996.4417205,
  "frontend/src/router/index.ts": 1775706211.1653764,
  "backend/migrations/env.py": 1775181197.7478786,
  "backend/migrations/versions/002_add_webhook_signatures.py": 1775181197.7486985,
  "backend/migrations/versions/003_add_missing_indexes.py": 1775293337.2691905,
  "backend/migrations/versions/001_initial.py": 1775181197.7484562,
  "backend/app/config.py": 1775356879.3067677,
  "backend/app/__init__.py": 1775401102.402983,
  "backend/app/main.py": 1775578330.0208318,
  "backend/app/middleware/auth.py": 1775665941.3638337,
  "backend/app/middleware/audit.py": 1775578936.262038,
  "backend/app/middleware/__init__.py": 1775181197.737223,
  "backend/app/tasks/webhook_cleanup.py": 1775181197.747585,
  "backend/app/tasks/__init__.py": 1775181197.7458246,
  "backend/app/tasks/invoice_generator.py": 1775357230.0638347,
  "backend/app/tasks/file_cleanup.py": 1775357149.3505778,
  "backend/app/tasks/email_tasks.py": 1775357226.7119963,
  "backend/app/tasks/usage_sync.py": 1775357233.473609,
  "backend/app/tasks/scheduler.py": 1775357149.3534577,
  "backend/app/tasks/balance_check.py": 1775357219.5045505,
  "backend/app/cache/permissions.py": 1775201301.7098756,
  "backend/app/cache/base.py": 1775498718.6428328,
  "backend/app/models/tags.py": 1775356879.3473494,
  "backend/app/models/files.py": 1775453975.561215,
  "backend/app/models/billing.py": 1775452216.116393,
  "backend/app/models/users.py": 1775356879.3656049,
  "backend/app/models/__init__.py": 1775578162.6025784,
  "backend/app/models/groups.py": 1775209262.6842194,
  "backend/app/models/webhooks.py": 1775357149.3466668,
  "backend/app/models/customers.py": 1775357149.352721,
  "backend/app/models/base.py": 1775356879.2066429,
  "backend/app/routes/tags.py": 1775443088.8396177,
  "backend/app/routes/auth.py": 1775578936.4011858,
  "backend/app/routes/files.py": 1775454066.7522051,
  "backend/app/routes/billing.py": 1775452200.9900868,
  "backend/app/routes/users.py": 1775651385.4700036,
  "backend/app/routes/roles.py": 1775669801.4318092,
  "backend/app/routes/__init__.py": 1775578051.115724,
  "backend/app/routes/groups.py": 1775384612.5661612,
  "backend/app/routes/sync_logs.py": 1775357284.8524878,
  "backend/app/routes/permissions.py": 1775669830.7743125,
  "backend/app/routes/analytics.py": 1775525748.1799467,
  "backend/app/routes/webhooks.py": 1775357290.9600048,
  "backend/app/routes/customers.py": 1775494715.1293652,
  "backend/app/routes/audit_logs.py": 1775443038.8165143,
  "backend/app/services/tags.py": 1775357149.350268,
  "backend/app/services/auth.py": 1775578936.225208,
  "backend/app/services/external_api.py": 1775357149.3471026,
  "backend/app/services/billing.py": 1775357284.2215443,
  "backend/app/services/users.py": 1775651385.2530215,
  "backend/app/services/roles.py": 1775670851.311698,
  "backend/app/services/__init__.py": 1775501130.8779519,
  "backend/app/services/groups.py": 1775357149.3471925,
  "backend/app/services/email.py": 1775356880.2738862,
  "backend/app/services/permissions.py": 1775181197.7450635,
  "backend/app/services/analytics.py": 1775525805.6995728,
  "backend/app/services/customers.py": 1775740658.6535215,
  "backend/tests/test_billing_service.py": 1775188292.0719023,
  "backend/tests/conftest.py": 1775501138.9603865,
  "backend/tests/test_external_api_service.py": 1775356085.5510716,
  "backend/tests/test_analytics_service.py": 1775293773.6639667,
  "backend/tests/debug_middleware.py": 1775212429.3564467,
  "backend/tests/performance_test.py": 1775181197.7503955,
  "backend/tests/test_email_service.py": 1775356036.9173946,
  "backend/tests/test_cache.py": 1775293012.6767862,
  "backend/tests/unit/test_tag_service.py": 1775190520.5799613,
  "backend/tests/unit/test_group_service.py": 1775209825.1931355,
  "backend/tests/unit/test_roles_service.py": 1775496023.2333808,
  "backend/tests/unit/test_customer_service.py": 1775740490.3452685,
  "backend/tests/unit/test_user_service.py": 1775495873.99946,
  "backend/tests/unit/test_webhooks.py": 1775306125.3668754,
  "backend/tests/unit/test_webhook_cleanup.py": 1775499464.8017242,
  "backend/tests/unit/test_tasks.py": 1775306313.0242827,
  "backend/tests/unit/test_models.py": 1775209424.1539438,
  "backend/tests/unit/test_permission_service.py": 1775453984.2450416,
  "backend/tests/unit/test_email_tasks.py": 1775501345.8986487,
  "backend/tests/unit/test_auth_service.py": 1775190428.398116,
  "backend/tests/unit/test_customer_service_batch.py": 1775234388.869667,
  "backend/tests/unit/test_user_import.py": 1775452574.168316,
  "backend/tests/integration/conftest.py": 1775669867.8100638,
  "backend/tests/integration/test_auth_api.py": 1775501618.8419912,
  "backend/tests/integration/test_audit_logs_api.py": 1775496990.503398,
  "backend/tests/integration/test_files_api.py": 1775501692.7450488,
  "backend/tests/integration/test_billing_api.py": 1775527289.256792,
  "backend/tests/integration/test_analytics_api.py": 1775501731.3605385,
  "backend/tests/integration/test_api.py": 1775264473.1598494,
  "backend/tests/integration/test_groups_api.py": 1775265035.3009562,
  "backend/tests/integration/test_users_api.py": 1775501711.9229221,
  "backend/tests/integration/test_roles_api.py": 1775665698.5538237,
  "backend/tests/integration/test_customers_api.py": 1775501679.1426337,
  "backend/tests/performance/test_api_load.py": 1775192676.5990665,
  "backend/scripts/seed.py": 1775395169.3527336,
  "backend/scripts/create_test_data.py": 1775199742.6101513,
  "backend/alembic/env.py": 1775181197.7343278,
  "backend/alembic/versions/002_add_customer_groups.py": 1775212282.9100964,
  "backend/alembic/versions/a5d21c5761aa_add_all_missing_tables.py": 1775398576.5452886,
  "backend/alembic/versions/003_add_files_table.py": 1775454117.24312,
  "backend/alembic/versions/001_initial.py": 1775398538.9072075,
  "backend/htmlcov/coverage_html_cb_dd2e7eb5.js": 1775669967.3213186,
  "docs/testing/coverage-reports/html/coverage_html_cb_dd2e7eb5.js": 1775498416.9187236,
  "docs/testing/coverage-reports/html-final/coverage_html_cb_dd2e7eb5.js": 1775500858.7406936,
  "README.md": 1775400078.1879642,
  "RTK.md": 1775838313.8023212,
  "AGENTS.md": 1775845799.541762,
  "frontend/tests/e2e/README.md": 1775267572.6019876,
  "frontend/tests/e2e/E2E-TEST-REPORT.md": 1775454913.2523,